PAYEMS,"All Employees, Total Nonfarm, Thousands of Persons, Monthly, Seasonally Adjusted",,,,,
,,,,,,
Frequency: Monthly,,,,,,
observation_date,PAYEMS,,,,,
1939/1/1,29923,,,,,
1939/2/1,30100,,,0.002561363,,0.002561363
1939/3/1,30280,,,0.002589375,,0.002589375
1939/4/1,30094,,,-0.002675954,,-0.002675954
1939/5/1,30299,,,0.002948378,,0.002948378
1939/6/1,30502,,,0.002900022,,0.002900022
1939/7/1,30419,,,-0.001183384,,-0.001183384
1939/8/1,30663,,,0.00346971,,0.00346971
1939/9/1,31031,,,0.005181128,,0.005181128
1939/10/1,31411,,,0.005285991,,0.005285991
1939/11/1,31470,,,0.00081498,,0.00081498
1939/12/1,31542,,,0.000992484,,0.000992484
1940/1/1,31603,,,0.000839084,,0.000839084
1940/2/1,31715,,,0.001536405,,0.001536405
1940/3/1,31825,,,0.001503697,,0.001503697
1940/4/1,31701,,,-0.00169545,,-0.00169545
1940/5/1,31879,,,0.002431728,,0.002431728
1940/6/1,31977,,,0.001333027,,0.001333027
1940/7/1,31942,,,-0.000475612,,-0.000475612
1940/8/1,32352,,,0.005539029,,0.005539029
1940/9/1,32810,,,0.006105096,,0.006105096
1940/10/1,33267,,,0.006007408,,0.006007408
1940/11/1,33669,,,0.005216579,,0.005216579
1940/12/1,34174,,,0.006465597,,0.006465597
1941/1/1,34481,,,0.003884037,,0.003884037
1941/2/1,34843,,,0.004535688,,0.004535688
1941/3/1,35092,,,0.00309258,,0.00309258
1941/4/1,35468,,,0.004628579,,0.004628579
1941/5/1,36182,,,0.00865587,,0.00865587
1941/6/1,36650,,,0.00558141,,0.00558141
1941/7/1,37137,,,0.005732839,,0.005732839
1941/8/1,37544,,,0.004733724,,0.004733724
1941/9/1,37835,,,0.003353197,,0.003353197
1941/10/1,37949,,,0.001306598,,0.001306598
1941/11/1,38024,,,0.000857465,,0.000857465
1941/12/1,38104,,,0.000912767,,0.000912767
1942/1/1,38347,,,0.002760825,,0.002760825
1942/2/1,38512,,,0.001864679,,0.001864679
1942/3/1,38935,,,0.004744106,,0.004744106
1942/4/1,39352,,,0.004626631,,0.004626631
1942/5/1,39771,,,0.004599701,,0.004599701
1942/6/1,40029,,,0.00280823,,0.00280823
1942/7/1,40472,,,0.004779926,,0.004779926
1942/8/1,40988,,,0.005502061,,0.005502061
1942/9/1,41259,,,0.00286197,,0.00286197
1942/10/1,41515,,,0.002686345,,0.002686345
1942/11/1,41674,,,0.001660145,,0.001660145
1942/12/1,41915,,,0.002504283,,0.002504283
1943/1/1,42172,,,0.002654727,,0.002654727
1943/2/1,42393,,,0.002269953,,0.002269953
1943/3/1,42552,,,0.001625826,,0.001625826
1943/4/1,42647,,,0.000968509,,0.000968509
1943/5/1,42596,,,-0.000519668,,-0.000519668
1943/6/1,42781,,,0.001882114,,0.001882114
1943/7/1,42700,,,-0.000823057,,-0.000823057
1943/8/1,42546,,,-0.001569139,,-0.001569139
1943/9/1,42492,,,-0.000551563,,-0.000551563
1943/10/1,42675,,,0.001866357,,0.001866357
1943/11/1,42821,,,0.001483275,,0.001483275
1943/12/1,42746,,,-0.000761324,,-0.000761324
1944/1/1,42654,,,-0.000935717,,-0.000935717
1944/2/1,42538,,,-0.001182698,,-0.001182698
1944/3/1,42294,,,-0.002498306,,-0.002498306
1944/4/1,42063,,,-0.002378517,,-0.002378517
1944/5/1,41985,,,-0.000806087,,-0.000806087
1944/6/1,41947,,,-0.000393251,,-0.000393251
1944/7/1,41904,,,-0.000445425,,-0.000445425
1944/8/1,41850,,,-0.000560019,,-0.000560019
1944/9/1,41679,,,-0.001778172,,-0.001778172
1944/10/1,41708,,,0.000302074,,0.000302074
1944/11/1,41711,,,3.12371E-05,,3.12371E-05
1944/12/1,41860,,,0.001548622,,0.001548622
1945/1/1,41895,,,0.000362971,,0.000362971
1945/2/1,41897,,,2.0732E-05,,2.0732E-05
1945/3/1,41798,,,-0.001027425,,-0.001027425
1945/4/1,41446,,,-0.003672879,,-0.003672879
1945/5/1,41304,,,-0.001490511,,-0.001490511
1945/6/1,41149,,,-0.001632827,,-0.001632827
1945/7/1,40874,,,-0.002912145,,-0.002912145
1945/8/1,40466,,,-0.004356863,,-0.004356863
1945/9/1,38507,,,-0.021550592,,-0.021550592
1945/10/1,38600,,,0.00104762,,0.00104762
1945/11/1,38996,,,0.004432757,,0.004432757
1945/12/1,39110,,,0.001267754,,0.001267754
1946/1/1,39829,,,0.007911587,,0.007911587
1946/2/1,39244,,,-0.006426136,,-0.006426136
1946/3/1,40195,,,0.010398766,,0.010398766
1946/4/1,40913,,,0.007689293,,0.007689293
1946/5/1,41349,,,0.004603685,,0.004603685
1946/6/1,41735,,,0.004035407,,0.004035407
1946/7/1,42153,,,0.004328071,,0.004328071
1946/8/1,42642,,,0.005009077,,0.005009077
1946/9/1,42915,,,0.002771551,,0.002771551
1946/10/1,43093,,,0.001797613,,0.001797613
1946/11/1,43395,,,0.003032963,,0.003032963
1946/12/1,43379,,,-0.000160157,,-0.000160157
1947/1/1,43535,,,0.001559013,,0.001559013
1947/2/1,43557,,,0.000219411,,0.000219411
1947/3/1,43607,,,0.00049825,,0.00049825
1947/4/1,43499,,,-0.001076937,,-0.001076937
1947/5/1,43638,,,0.001385565,,0.001385565
1947/6/1,43810,,,0.001708415,,0.001708415
1947/7/1,43743,,,-0.000664688,,-0.000664688
1947/8/1,43960,,,0.002149119,,0.002149119
1947/9/1,44203,,,0.002394062,,0.002394062
1947/10/1,44411,,,0.002038807,,0.002038807
1947/11/1,44484,,,0.00071328,,0.00071328
1947/12/1,44581,,,0.000945974,,0.000945974
1948/1/1,44679,,,0.000953638,,0.000953638
1948/2/1,44533,,,-0.001421492,,-0.001421492
1948/3/1,44683,,,0.001460371,,0.001460371
1948/4/1,44379,,,-0.002964812,,-0.002964812
1948/5/1,44796,,,0.004061724,,0.004061724
1948/6/1,45034,,,0.002301288,,0.002301288
1948/7/1,45160,,,0.00121341,,0.00121341
1948/8/1,45178,,,0.000173068,,0.000173068
1948/9/1,45294,,,0.001113675,,0.001113675
1948/10/1,45245,,,-0.000470083,,-0.000470083
1948/11/1,45192,,,-0.000509031,,-0.000509031
1948/12/1,45032,,,-0.001540326,,-0.001540326
1949/1/1,44668,,,-0.003524728,,-0.003524728
1949/2/1,44497,,,-0.001665776,,-0.001665776
1949/3/1,44240,,,-0.002515613,,-0.002515613
1949/4/1,44236,,,-3.92689E-05,,-3.92689E-05
1949/5/1,43984,,,-0.002481127,,-0.002481127
1949/6/1,43739,,,-0.002425873,,-0.002425873
1949/7/1,43531,,,-0.002070206,,-0.002070206
1949/8/1,43624,,,0.000926841,,0.000926841
1949/9/1,43780,,,0.001550273,,0.001550273
1949/10/1,42942,,,-0.00839349,,-0.00839349
1949/11/1,43242,,,0.003023505,,0.003023505
1949/12/1,43522,,,0.002803072,,0.002803072
1950/1/1,43526,,,3.99131E-05,,3.99131E-05
1950/2/1,43297,,,-0.002290952,,-0.002290952
1950/3/1,43954,,,0.006540598,,0.006540598
1950/4/1,44382,,,0.004208465,,0.004208465
1950/5/1,44718,,,0.003275503,,0.003275503
1950/6/1,45083,,,0.003530436,,0.003530436
1950/7/1,45454,,,0.0035593,,0.0035593
1950/8/1,46192,,,0.006994659,,0.006994659
1950/9/1,46438,,,0.002306741,,0.002306741
1950/10/1,46706,,,0.002499168,,0.002499168
1950/11/1,46776,,,0.000650406,,0.000650406
1950/12/1,46861,,,0.000788471,,0.000788471
1951/1/1,47288,,,0.003939394,,0.003939394
1951/2/1,47577,,,0.002646107,,0.002646107
1951/3/1,47873,,,0.00269359,,0.00269359
1951/4/1,47861,,,-0.000108875,,-0.000108875
1951/5/1,47952,,,0.000824957,,0.000824957
1951/6/1,48064,,,0.001013185,,0.001013185
1951/7/1,48061,,,-2.71081E-05,,-2.71081E-05
1951/8/1,48012,,,-0.000443005,,-0.000443005
1951/9/1,47954,,,-0.000524958,,-0.000524958
1951/10/1,48006,,,0.000470682,,0.000470682
1951/11/1,48147,,,0.001273711,,0.001273711
1951/12/1,48314,,,0.001503763,,0.001503763
1952/1/1,48296,,,-0.000161832,,-0.000161832
1952/2/1,48522,,,0.002027531,,0.002027531
1952/3/1,48504,,,-0.000161138,,-0.000161138
1952/4/1,48620,,,0.001037399,,0.001037399
1952/5/1,48642,,,0.000196469,,0.000196469
1952/6/1,48282,,,-0.003226172,,-0.003226172
1952/7/1,48143,,,-0.001252102,,-0.001252102
1952/8/1,48924,,,0.006988808,,0.006988808
1952/9/1,49320,,,0.00350111,,0.00350111
1952/10/1,49597,,,0.00243234,,0.00243234
1952/11/1,49816,,,0.001913445,,0.001913445
1952/12/1,50166,,,0.003040621,,0.003040621
1953/1/1,50144,,,-0.000190499,,-0.000190499
1953/2/1,50339,,,0.001685609,,0.001685609
1953/3/1,50473,,,0.001154535,,0.001154535
1953/4/1,50435,,,-0.000327094,,-0.000327094
1953/5/1,50490,,,0.000473346,,0.000473346
1953/6/1,50519,,,0.000249375,,0.000249375
1953/7/1,50536,,,0.000146119,,0.000146119
1953/8/1,50489,,,-0.000404095,,-0.000404095
1953/9/1,50368,,,-0.001042063,,-0.001042063
1953/10/1,50240,,,-0.001105076,,-0.001105076
1953/11/1,49908,,,-0.002879464,,-0.002879464
1953/12/1,49703,,,-0.001787564,,-0.001787564
1954/1/1,49469,,,-0.002049472,,-0.002049472
1954/2/1,49382,,,-0.000764456,,-0.000764456
1954/3/1,49157,,,-0.001983305,,-0.001983305
1954/4/1,49179,,,0.000194323,,0.000194323
1954/5/1,48965,,,-0.001893935,,-0.001893935
1954/6/1,48895,,,-0.000621308,,-0.000621308
1954/7/1,48835,,,-0.000533258,,-0.000533258
1954/8/1,48826,,,-8.00453E-05,,-8.00453E-05
1954/9/1,48886,,,0.000533357,,0.000533357
1954/10/1,48942,,,0.000497209,,0.000497209
1954/11/1,49180,,,0.002106812,,0.002106812
1954/12/1,49331,,,0.001331395,,0.001331395
1955/1/1,49496,,,0.001450184,,0.001450184
1955/2/1,49644,,,0.001296664,,0.001296664
1955/3/1,49962,,,0.002773048,,0.002773048
1955/4/1,50248,,,0.002478965,,0.002478965
1955/5/1,50512,,,0.002275784,,0.002275784
1955/6/1,50790,,,0.002383648,,0.002383648
1955/7/1,50987,,,0.001681247,,0.001681247
1955/8/1,51111,,,0.001054919,,0.001054919
1955/9/1,51266,,,0.001315055,,0.001315055
1955/10/1,51429,,,0.001378647,,0.001378647
1955/11/1,51592,,,0.001374284,,0.001374284
1955/12/1,51805,,,0.001789314,,0.001789314
1956/1/1,51975,,,0.00142282,,0.00142282
1956/2/1,52167,,,0.001601364,,0.001601364
1956/3/1,52294,,,0.001056,,0.001056
1956/4/1,52375,,,0.000672173,,0.000672173
1956/5/1,52506,,,0.001084898,,0.001084898
1956/6/1,52586,,,0.000661203,,0.000661203
1956/7/1,51955,,,-0.005242788,,-0.005242788
1956/8/1,52631,,,0.005614273,,0.005614273
1956/9/1,52604,,,-0.000222853,,-0.000222853
1956/10/1,52777,,,0.001425931,,0.001425931
1956/11/1,52821,,,0.000361919,,0.000361919
1956/12/1,52929,,,0.00088707,,0.00088707
1957/1/1,52887,,,-0.000344756,,-0.000344756
1957/2/1,53097,,,0.001721051,,0.001721051
1957/3/1,53156,,,0.000482309,,0.000482309
1957/4/1,53238,,,0.000669439,,0.000669439
1957/5/1,53150,,,-0.000718463,,-0.000718463
1957/6/1,53067,,,-0.000678732,,-0.000678732
1957/7/1,53123,,,0.000458056,,0.000458056
1957/8/1,53128,,,4.08744E-05,,4.08744E-05
1957/9/1,52934,,,-0.001588754,,-0.001588754
1957/10/1,52763,,,-0.001405232,,-0.001405232
1957/11/1,52558,,,-0.00169065,,-0.00169065
1957/12/1,52384,,,-0.001440173,,-0.001440173
1958/1/1,52076,,,-0.002561039,,-0.002561039
1958/2/1,51576,,,-0.004189961,,-0.004189961
1958/3/1,51299,,,-0.002338758,,-0.002338758
1958/4/1,51027,,,-0.002308863,,-0.002308863
1958/5/1,50914,,,-0.000962818,,-0.000962818
1958/6/1,50914,,,0,,0
1958/7/1,51039,,,0.001064938,,0.001064938
1958/8/1,51233,,,0.00164763,,0.00164763
1958/9/1,51506,,,0.002308036,,0.002308036
1958/10/1,51485,,,-0.000177106,,-0.000177106
1958/11/1,51944,,,0.003854673,,0.003854673
1958/12/1,52085,,,0.001177279,,0.001177279
1959/1/1,52478,,,0.003264607,,0.003264607
1959/2/1,52688,,,0.001734438,,0.001734438
1959/3/1,53014,,,0.00267886,,0.00267886
1959/4/1,53321,,,0.002507712,,0.002507712
1959/5/1,53550,,,0.001861189,,0.001861189
1959/6/1,53681,,,0.001061122,,0.001061122
1959/7/1,53804,,,0.000993966,,0.000993966
1959/8/1,53336,,,-0.003794122,,-0.003794122
1959/9/1,53428,,,0.000748475,,0.000748475
1959/10/1,53358,,,-0.000569375,,-0.000569375
1959/11/1,53634,,,0.002240645,,0.002240645
1959/12/1,54174,,,0.004350716,,0.004350716
1960/1/1,54274,,,0.000800927,,0.000800927
1960/2/1,54513,,,0.001908253,,0.001908253
1960/3/1,54454,,,-0.000470296,,-0.000470296
1960/4/1,54813,,,0.002853785,,0.002853785
1960/5/1,54475,,,-0.002686333,,-0.002686333
1960/6/1,54348,,,-0.001013672,,-0.001013672
1960/7/1,54306,,,-0.000335751,,-0.000335751
1960/8/1,54272,,,-0.000271989,,-0.000271989
1960/9/1,54227,,,-0.000360248,,-0.000360248
1960/10/1,54142,,,-0.000681284,,-0.000681284
1960/11/1,53961,,,-0.001454305,,-0.001454305
1960/12/1,53742,,,-0.001766165,,-0.001766165
1961/1/1,53683,,,-0.000477047,,-0.000477047
1961/2/1,53557,,,-0.001020536,,-0.001020536
1961/3/1,53659,,,0.000826333,,0.000826333
1961/4/1,53627,,,-0.000259072,,-0.000259072
1961/5/1,53786,,,0.001285745,,0.001285745
1961/6/1,53977,,,0.001539496,,0.001539496
1961/7/1,54123,,,0.001173118,,0.001173118
1961/8/1,54298,,,0.001401972,,0.001401972
1961/9/1,54388,,,0.000719256,,0.000719256
1961/10/1,54522,,,0.00106869,,0.00106869
1961/11/1,54742,,,0.001748882,,0.001748882
1961/12/1,54872,,,0.00103013,,0.00103013
1962/1/1,54891,,,0.000150353,,0.000150353
1962/2/1,55188,,,0.002343513,,0.002343513
1962/3/1,55275,,,0.000684096,,0.000684096
1962/4/1,55602,,,0.002561662,,0.002561662
1962/5/1,55628,,,0.000203033,,0.000203033
1962/6/1,55644,,,0.000124896,,0.000124896
1962/7/1,55746,,,0.000795369,,0.000795369
1962/8/1,55838,,,0.000716144,,0.000716144
1962/9/1,55978,,,0.001087523,,0.001087523
1962/10/1,56041,,,0.000488498,,0.000488498
1962/11/1,56056,,,0.000116228,,0.000116228
1962/12/1,56028,,,-0.000216985,,-0.000216985
1963/1/1,56115,,,0.000673847,,0.000673847
1963/2/1,56230,,,0.000889116,,0.000889116
1963/3/1,56320,,,0.000694563,,0.000694563
1963/4/1,56580,,,0.002000297,,0.002000297
1963/5/1,56616,,,0.000276239,,0.000276239
1963/6/1,56659,,,0.000329723,,0.000329723
1963/7/1,56794,,,0.001033552,,0.001033552
1963/8/1,56910,,,0.000886128,,0.000886128
1963/9/1,57078,,,0.001280162,,0.001280162
1963/10/1,57283,,,0.001557007,,0.001557007
1963/11/1,57255,,,-0.000212336,,-0.000212336
1963/12/1,57361,,,0.000803295,,0.000803295
1964/1/1,57487,,,0.000952931,,0.000952931
1964/2/1,57753,,,0.002004903,,0.002004903
1964/3/1,57897,,,0.001081512,,0.001081512
1964/4/1,57922,,,0.000187488,,0.000187488
1964/5/1,58089,,,0.001250351,,0.001250351
1964/6/1,58219,,,0.000970841,,0.000970841
1964/7/1,58412,,,0.001437335,,0.001437335
1964/8/1,58619,,,0.001536329,,0.001536329
1964/9/1,58903,,,0.002099009,,0.002099009
1964/10/1,58793,,,-0.000811793,,-0.000811793
1964/11/1,59218,,,0.003128114,,0.003128114
1964/12/1,59421,,,0.001486221,,0.001486221
1965/1/1,59582,,,0.001175121,,0.001175121
1965/2/1,59800,,,0.001586107,,0.001586107
1965/3/1,60003,,,0.001471781,,0.001471781
1965/4/1,60259,,,0.001848956,,0.001848956
1965/5/1,60491,,,0.001668844,,0.001668844
1965/6/1,60690,,,0.001426373,,0.001426373
1965/7/1,60965,,,0.001963441,,0.001963441
1965/8/1,61228,,,0.001869495,,0.001869495
1965/9/1,61490,,,0.00185442,,0.00185442
1965/10/1,61719,,,0.001614388,,0.001614388
1965/11/1,61996,,,0.001944789,,0.001944789
1965/12/1,62322,,,0.002277712,,0.002277712
1966/1/1,62529,,,0.001440101,,0.001440101
1966/2/1,62796,,,0.001850498,,0.001850498
1966/3/1,63192,,,0.00273012,,0.00273012
1966/4/1,63437,,,0.001680536,,0.001680536
1966/5/1,63712,,,0.001878602,,0.001878602
1966/6/1,64111,,,0.002711313,,0.002711313
1966/7/1,64301,,,0.001285176,,0.001285176
1966/8/1,64507,,,0.001389118,,0.001389118
1966/9/1,64643,,,0.000914658,,0.000914658
1966/10/1,64854,,,0.001415264,,0.001415264
1966/11/1,65019,,,0.001103518,,0.001103518
1966/12/1,65199,,,0.001200649,,0.001200649
1967/1/1,65407,,,0.001383295,,0.001383295
1967/2/1,65429,,,0.000146053,,0.000146053
1967/3/1,65530,,,0.000669885,,0.000669885
1967/4/1,65466,,,-0.000424362,,-0.000424362
1967/5/1,65620,,,0.00102042,,0.00102042
1967/6/1,65750,,,0.000859531,,0.000859531
1967/7/1,65888,,,0.000910568,,0.000910568
1967/8/1,66143,,,0.001677564,,0.001677564
1967/9/1,66164,,,0.000137864,,0.000137864
1967/10/1,66225,,,0.000400214,,0.000400214
1967/11/1,66703,,,0.0031234,,0.0031234
1967/12/1,66900,,,0.001280751,,0.001280751
1968/1/1,66804,,,-0.00062365,,-0.00062365
1968/2/1,67215,,,0.002663736,,0.002663736
1968/3/1,67295,,,0.000516594,,0.000516594
1968/4/1,67556,,,0.00168113,,0.00168113
1968/5/1,67652,,,0.000616713,,0.000616713
1968/6/1,67905,,,0.001621113,,0.001621113
1968/7/1,68126,,,0.001411137,,0.001411137
1968/8/1,68330,,,0.001298531,,0.001298531
1968/9/1,68484,,,0.000977698,,0.000977698
1968/10/1,68721,,,0.001500352,,0.001500352
1968/11/1,68984,,,0.001658903,,0.001658903
1968/12/1,69248,,,0.001658862,,0.001658862
1969/1/1,69439,,,0.001196223,,0.001196223
1969/2/1,69699,,,0.001623089,,0.001623089
1969/3/1,69905,,,0.001281693,,0.001281693
1969/4/1,70072,,,0.001036273,,0.001036273
1969/5/1,70328,,,0.001583754,,0.001583754
1969/6/1,70636,,,0.001897831,,0.001897831
1969/7/1,70729,,,0.00057142,,0.00057142
1969/8/1,71008,,,0.001709763,,0.001709763
1969/9/1,70914,,,-0.000575298,,-0.000575298
1969/10/1,71121,,,0.001265871,,0.001265871
1969/11/1,71086,,,-0.000213777,,-0.000213777
1969/12/1,71241,,,0.00094593,,0.00094593
1970/1/1,71176,,,-0.000396429,,-0.000396429
1970/2/1,71305,,,0.000786407,,0.000786407
1970/3/1,71451,,,0.000888327,,0.000888327
1970/4/1,71348,,,-0.000626508,,-0.000626508
1970/5/1,71124,,,-0.00136563,,-0.00136563
1970/6/1,71029,,,-0.000580473,,-0.000580473
1970/7/1,71053,,,0.000146719,,0.000146719
1970/8/1,70937,,,-0.000709602,,-0.000709602
1970/9/1,70944,,,4.28537E-05,,4.28537E-05
1970/10/1,70521,,,-0.002597209,,-0.002597209
1970/11/1,70409,,,-0.000690286,,-0.000690286
1970/12/1,70792,,,0.002356006,,0.002356006
1971/1/1,70865,,,0.000447609,,0.000447609
1971/2/1,70807,,,-0.000355597,,-0.000355597
1971/3/1,70860,,,0.000324954,,0.000324954
1971/4/1,71036,,,0.001077351,,0.001077351
1971/5/1,71247,,,0.001288084,,0.001288084
1971/6/1,71254,,,4.26672E-05,,4.26672E-05
1971/7/1,71315,,,0.000371637,,0.000371637
1971/8/1,71373,,,0.000353065,,0.000353065
1971/9/1,71614,,,0.00146398,,0.00146398
1971/10/1,71642,,,0.000169769,,0.000169769
1971/11/1,71847,,,0.001240937,,0.001240937
1971/12/1,72109,,,0.001580834,,0.001580834
1972/1/1,72441,,,0.001994964,,0.001994964
1972/2/1,72648,,,0.001239226,,0.001239226
1972/3/1,72944,,,0.001765912,,0.001765912
1972/4/1,73162,,,0.001295994,,0.001295994
1972/5/1,73469,,,0.00181856,,0.00181856
1972/6/1,73758,,,0.001705003,,0.001705003
1972/7/1,73709,,,-0.000288613,,-0.000288613
1972/8/1,74141,,,0.00253792,,0.00253792
1972/9/1,74264,,,0.000719898,,0.000719898
1972/10/1,74674,,,0.002391078,,0.002391078
1972/11/1,74973,,,0.001735474,,0.001735474
1972/12/1,75268,,,0.001705487,,0.001705487
1973/1/1,75617,,,0.002009067,,0.002009067
1973/2/1,76014,,,0.002274143,,0.002274143
1973/3/1,76284,,,0.001539871,,0.001539871
1973/4/1,76455,,,0.000972435,,0.000972435
1973/5/1,76648,,,0.001094935,,0.001094935
1973/6/1,76887,,,0.001352089,,0.001352089
1973/7/1,76913,,,0.000146836,,0.000146836
1973/8/1,77168,,,0.001437493,,0.001437493
1973/9/1,77276,,,0.000607389,,0.000607389
1973/10/1,77607,,,0.001856262,,0.001856262
1973/11/1,77920,,,0.001748048,,0.001748048
1973/12/1,78031,,,0.000618229,,0.000618229
1974/1/1,78100,,,0.000383861,,0.000383861
1974/2/1,78254,,,0.000855512,,0.000855512
1974/3/1,78296,,,0.000233029,,0.000233029
1974/4/1,78382,,,0.000476765,,0.000476765
1974/5/1,78549,,,0.00092432,,0.00092432
1974/6/1,78604,,,0.000303987,,0.000303987
1974/7/1,78636,,,0.000176767,,0.000176767
1974/8/1,78619,,,-9.38985E-05,,-9.38985E-05
1974/9/1,78610,,,-4.97192E-05,,-4.97192E-05
1974/10/1,78630,,,0.000110479,,0.000110479
1974/11/1,78265,,,-0.002020686,,-0.002020686
1974/12/1,77652,,,-0.003414944,,-0.003414944
1975/1/1,77293,,,-0.002012482,,-0.002012482
1975/2/1,76918,,,-0.002112181,,-0.002112181
1975/3/1,76648,,,-0.001527156,,-0.001527156
1975/4/1,76460,,,-0.001066533,,-0.001066533
1975/5/1,76624,,,0.000930526,,0.000930526
1975/6/1,76521,,,-0.000584183,,-0.000584183
1975/7/1,76770,,,0.001410904,,0.001410904
1975/8/1,77153,,,0.002161277,,0.002161277
1975/9/1,77228,,,0.00042197,,0.00042197
1975/10/1,77540,,,0.001751009,,0.001751009
1975/11/1,77685,,,0.000811373,,0.000811373
1975/12/1,78017,,,0.001852076,,0.001852076
1976/1/1,78503,,,0.002697007,,0.002697007
1976/2/1,78816,,,0.001728136,,0.001728136
1976/3/1,79048,,,0.001276496,,0.001276496
1976/4/1,79292,,,0.001338486,,0.001338486
1976/5/1,79312,,,0.000109529,,0.000109529
1976/6/1,79376,,,0.000350308,,0.000350308
1976/7/1,79547,,,0.000934596,,0.000934596
1976/8/1,79704,,,0.000856312,,0.000856312
1976/9/1,79892,,,0.001023176,,0.001023176
1976/10/1,79911,,,0.000103272,,0.000103272
1976/11/1,80240,,,0.001784355,,0.001784355
1976/12/1,80448,,,0.001124332,,0.001124332
1977/1/1,80690,,,0.001304464,,0.001304464
1977/2/1,80988,,,0.001600959,,0.001600959
1977/3/1,81391,,,0.00215571,,0.00215571
1977/4/1,81728,,,0.001794487,,0.001794487
1977/5/1,82088,,,0.001908803,,0.001908803
1977/6/1,82488,,,0.002111099,,0.002111099
1977/7/1,82834,,,0.00181786,,0.00181786
1977/8/1,83075,,,0.001261716,,0.001261716
1977/9/1,83532,,,0.00238253,,0.00238253
1977/10/1,83800,,,0.001391139,,0.001391139
1977/11/1,84173,,,0.001928787,,0.001928787
1977/12/1,84410,,,0.001221094,,0.001221094
1978/1/1,84594,,,0.000945661,,0.000945661
1978/2/1,84948,,,0.001813597,,0.001813597
1978/3/1,85460,,,0.00260973,,0.00260973
1978/4/1,86162,,,0.003552883,,0.003552883
1978/5/1,86509,,,0.001745521,,0.001745521
1978/6/1,86950,,,0.002208295,,0.002208295
1978/7/1,87204,,,0.00126682,,0.00126682
1978/8/1,87483,,,0.001387261,,0.001387261
1978/9/1,87621,,,0.000684538,,0.000684538
1978/10/1,87956,,,0.001657265,,0.001657265
1978/11/1,88391,,,0.002142577,,0.002142577
1978/12/1,88671,,,0.001373559,,0.001373559
1979/1/1,88808,,,0.000670483,,0.000670483
1979/2/1,89055,,,0.001206218,,0.001206218
1979/3/1,89479,,,0.002062814,,0.002062814
1979/4/1,89417,,,-0.000301027,,-0.000301027
1979/5/1,89789,,,0.00180304,,0.00180304
1979/6/1,90108,,,0.001540216,,0.001540216
1979/7/1,90217,,,0.000525031,,0.000525031
1979/8/1,90300,,,0.000399369,,0.000399369
1979/9/1,90327,,,0.000129836,,0.000129836
1979/10/1,90481,,,0.000739805,,0.000739805
1979/11/1,90573,,,0.000441361,,0.000441361
1979/12/1,90672,,,0.000474442,,0.000474442
1980/1/1,90800,,,0.000612653,,0.000612653
1980/2/1,90883,,,0.000396806,,0.000396806
1980/3/1,90994,,,0.000530102,,0.000530102
1980/4/1,90849,,,-0.000692605,,-0.000692605
1980/5/1,90420,,,-0.002055649,,-0.002055649
1980/6/1,90101,,,-0.001534892,,-0.001534892
1980/7/1,89840,,,-0.001259868,,-0.001259868
1980/8/1,90099,,,0.001250228,,0.001250228
1980/9/1,90213,,,0.000549155,,0.000549155
1980/10/1,90490,,,0.001331463,,0.001331463
1980/11/1,90747,,,0.001231688,,0.001231688
1980/12/1,90943,,,0.000937,,0.000937
1981/1/1,91033,,,0.000429579,,0.000429579
1981/2/1,91105,,,0.000343357,,0.000343357
1981/3/1,91210,,,0.000500243,,0.000500243
1981/4/1,91283,,,0.000347449,,0.000347449
1981/5/1,91296,,,6.18453E-05,,6.18453E-05
1981/6/1,91490,,,0.000921878,,0.000921878
1981/7/1,91601,,,0.000526587,,0.000526587
1981/8/1,91565,,,-0.000170715,,-0.000170715
1981/9/1,91477,,,-0.000417586,,-0.000417586
1981/10/1,91380,,,-0.00046076,,-0.00046076
1981/11/1,91171,,,-0.000994435,,-0.000994435
1981/12/1,90895,,,-0.001316724,,-0.001316724
1982/1/1,90565,,,-0.001579603,,-0.001579603
1982/2/1,90563,,,-9.59089E-06,,-9.59089E-06
1982/3/1,90434,,,-0.00061906,,-0.00061906
1982/4/1,90150,,,-0.00136601,,-0.00136601
1982/5/1,90107,,,-0.0002072,,-0.0002072
1982/6/1,89865,,,-0.001167952,,-0.001167952
1982/7/1,89521,,,-0.001665654,,-0.001665654
1982/8/1,89363,,,-0.000767185,,-0.000767185
1982/9/1,89183,,,-0.000875663,,-0.000875663
1982/10/1,88907,,,-0.001346121,,-0.001346121
1982/11/1,88786,,,-0.000591466,,-0.000591466
1982/12/1,88771,,,-7.33783E-05,,-7.33783E-05
1983/1/1,88990,,,0.001070095,,0.001070095
1983/2/1,88917,,,-0.000356405,,-0.000356405
1983/3/1,89090,,,0.000844157,,0.000844157
1983/4/1,89364,,,0.001333641,,0.001333641
1983/5/1,89644,,,0.001358627,,0.001358627
1983/6/1,90021,,,0.001822606,,0.001822606
1983/7/1,90437,,,0.002002314,,0.002002314
1983/8/1,90129,,,-0.001481595,,-0.001481595
1983/9/1,91247,,,0.005354042,,0.005354042
1983/10/1,91520,,,0.001297417,,0.001297417
1983/11/1,91875,,,0.001681341,,0.001681341
1983/12/1,92230,,,0.001674857,,0.001674857
1984/1/1,92673,,,0.002081014,,0.002081014
1984/2/1,93157,,,0.002262272,,0.002262272
1984/3/1,93429,,,0.001266206,,0.001266206
1984/4/1,93792,,,0.001684096,,0.001684096
1984/5/1,94098,,,0.001414596,,0.001414596
1984/6/1,94479,,,0.001754895,,0.001754895
1984/7/1,94789,,,0.001422654,,0.001422654
1984/8/1,95032,,,0.001111928,,0.001111928
1984/9/1,95344,,,0.001423499,,0.001423499
1984/10/1,95629,,,0.001296246,,0.001296246
1984/11/1,95982,,,0.001600181,,0.001600181
1984/12/1,96107,,,0.000565226,,0.000565226
1985/1/1,96372,,,0.001195851,,0.001195851
1985/2/1,96503,,,0.000589943,,0.000589943
1985/3/1,96842,,,0.001522935,,0.001522935
1985/4/1,97038,,,0.000878087,,0.000878087
1985/5/1,97312,,,0.001224562,,0.001224562
1985/6/1,97459,,,0.000655552,,0.000655552
1985/7/1,97648,,,0.000841402,,0.000841402
1985/8/1,97840,,,0.000853091,,0.000853091
1985/9/1,98045,,,0.000909007,,0.000909007
1985/10/1,98233,,,0.000831957,,0.000831957
1985/11/1,98443,,,0.000927433,,0.000927433
1985/12/1,98609,,,0.000731714,,0.000731714
1986/1/1,98732,,,0.00054138,,0.00054138
1986/2/1,98847,,,0.000505558,,0.000505558
1986/3/1,98934,,,0.000382075,,0.000382075
1986/4/1,99121,,,0.000820106,,0.000820106
1986/5/1,99248,,,0.000556089,,0.000556089
1986/6/1,99155,,,-0.000407145,,-0.000407145
1986/7/1,99473,,,0.001390597,,0.001390597
1986/8/1,99588,,,0.000501795,,0.000501795
1986/9/1,99934,,,0.00150626,,0.00150626
1986/10/1,100121,,,0.000811908,,0.000811908
1986/11/1,100308,,,0.000810393,,0.000810393
1986/12/1,100509,,,0.000869381,,0.000869381
1987/1/1,100678,,,0.000729628,,0.000729628
1987/2/1,100919,,,0.001038359,,0.001038359
1987/3/1,101164,,,0.001053054,,0.001053054
1987/4/1,101499,,,0.001435771,,0.001435771
1987/5/1,101728,,,0.000978743,,0.000978743
1987/6/1,101900,,,0.000733678,,0.000733678
1987/7/1,102247,,,0.00147639,,0.00147639
1987/8/1,102420,,,0.000734197,,0.000734197
1987/9/1,102647,,,0.00096149,,0.00096149
1987/10/1,103138,,,0.002072444,,0.002072444
1987/11/1,103372,,,0.000984213,,0.000984213
1987/12/1,103661,,,0.001212475,,0.001212475
1988/1/1,103753,,,0.000385269,,0.000385269
1988/2/1,104214,,,0.001925402,,0.001925402
1988/3/1,104489,,,0.001144507,,0.001144507
1988/4/1,104732,,,0.001008824,,0.001008824
1988/5/1,104962,,,0.0009527,,0.0009527
1988/6/1,105326,,,0.001503494,,0.001503494
1988/7/1,105550,,,0.000922646,,0.000922646
1988/8/1,105674,,,0.000509909,,0.000509909
1988/9/1,106013,,,0.001390978,,0.001390978
1988/10/1,106276,,,0.001076076,,0.001076076
1988/11/1,106617,,,0.001391258,,0.001391258
1988/12/1,106898,,,0.001143122,,0.001143122
1989/1/1,107161,,,0.001067178,,0.001067178
1989/2/1,107427,,,0.00107669,,0.00107669
1989/3/1,107621,,,0.000783575,,0.000783575
1989/4/1,107791,,,0.000685478,,0.000685478
1989/5/1,107913,,,0.000491265,,0.000491265
1989/6/1,108027,,,0.000458549,,0.000458549
1989/7/1,108069,,,0.000168817,,0.000168817
1989/8/1,108120,,,0.000204904,,0.000204904
1989/9/1,108369,,,0.000999029,,0.000999029
1989/10/1,108476,,,0.000428597,,0.000428597
1989/11/1,108752,,,0.00110359,,0.00110359
1989/12/1,108836,,,0.000335319,,0.000335319
1990/1/1,109197,,,0.001438135,,0.001438135
1990/2/1,109435,,,0.000945535,,0.000945535
1990/3/1,109644,,,0.000828629,,0.000828629
1990/4/1,109688,,,0.000174247,,0.000174247
1990/5/1,109839,,,0.000597452,,0.000597452
1990/6/1,109857,,,7.11647E-05,,7.11647E-05
1990/7/1,109824,,,-0.000130478,,-0.000130478
1990/8/1,109617,,,-0.000819345,,-0.000819345
1990/9/1,109520,,,-0.000384477,,-0.000384477
1990/10/1,109367,,,-0.000607136,,-0.000607136
1990/11/1,109213,,,-0.000611962,,-0.000611962
1990/12/1,109167,,,-0.000182961,,-0.000182961
1991/1/1,109056,,,-0.000441811,,-0.000441811
1991/2/1,108735,,,-0.001280206,,-0.001280206
1991/3/1,108576,,,-0.000635521,,-0.000635521
1991/4/1,108367,,,-0.000836787,,-0.000836787
1991/5/1,108251,,,-0.000465134,,-0.000465134
1991/6/1,108337,,,0.000344888,,0.000344888
1991/7/1,108292,,,-0.000180431,,-0.000180431
1991/8/1,108313,,,8.42103E-05,,8.42103E-05
1991/9/1,108338,,,0.000100229,,0.000100229
1991/10/1,108357,,,7.61586E-05,,7.61586E-05
1991/11/1,108297,,,-0.000240546,,-0.000240546
1991/12/1,108330,,,0.000132317,,0.000132317
1992/1/1,108372,,,0.000168345,,0.000168345
1992/2/1,108313,,,-0.000236503,,-0.000236503
1992/3/1,108368,,,0.000220473,,0.000220473
1992/4/1,108523,,,0.000620733,,0.000620733
1992/5/1,108652,,,0.000515934,,0.000515934
1992/6/1,108719,,,0.000267724,,0.000267724
1992/7/1,108794,,,0.000299496,,0.000299496
1992/8/1,108929,,,0.000538572,,0.000538572
1992/9/1,108963,,,0.000135535,,0.000135535
1992/10/1,109144,,,0.000720814,,0.000720814
1992/11/1,109277,,,0.000528898,,0.000528898
1992/12/1,109499,,,0.000881389,,0.000881389
1993/1/1,109799,,,0.001188232,,0.001188232
1993/2/1,110047,,,0.000979823,,0.000979823
1993/3/1,109999,,,-0.000189471,,-0.000189471
1993/4/1,110302,,,0.00119465,,0.00119465
1993/5/1,110573,,,0.001065706,,0.001065706
1993/6/1,110752,,,0.000702485,,0.000702485
1993/7/1,111057,,,0.00119436,,0.00119436
1993/8/1,111211,,,0.000601808,,0.000601808
1993/9/1,111452,,,0.00094012,,0.00094012
1993/10/1,111737,,,0.001109141,,0.001109141
1993/11/1,111990,,,0.000982238,,0.000982238
1993/12/1,112319,,,0.001273984,,0.001273984
1994/1/1,112601,,,0.001089019,,0.001089019
1994/2/1,112785,,,0.000709096,,0.000709096
1994/3/1,113248,,,0.001779197,,0.001779197
1994/4/1,113592,,,0.001317205,,0.001317205
1994/5/1,113928,,,0.001282727,,0.001282727
1994/6/1,114242,,,0.001195324,,0.001195324
1994/7/1,114613,,,0.001408083,,0.001408083
1994/8/1,114902,,,0.001093708,,0.001093708
1994/9/1,115251,,,0.001317114,,0.001317114
1994/10/1,115464,,,0.000801896,,0.000801896
1994/11/1,115876,,,0.001546896,,0.001546896
1994/12/1,116171,,,0.001104233,,0.001104233
1995/1/1,116508,,,0.001258019,,0.001258019
1995/2/1,116702,,,0.000722552,,0.000722552
1995/3/1,116913,,,0.000784506,,0.000784506
1995/4/1,117076,,,0.000605071,,0.000605071
1995/5/1,117056,,,-7.41965E-05,,-7.41965E-05
1995/6/1,117293,,,0.000878415,,0.000878415
1995/7/1,117386,,,0.00034421,,0.00034421
1995/8/1,117642,,,0.000946095,,0.000946095
1995/9/1,117881,,,0.000881412,,0.000881412
1995/10/1,118038,,,0.000578031,,0.000578031
1995/11/1,118182,,,0.000529493,,0.000529493
1995/12/1,118328,,,0.000536189,,0.000536189
1996/1/1,118323,,,-1.83517E-05,,-1.83517E-05
1996/2/1,118744,,,0.001542502,,0.001542502
1996/3/1,119001,,,0.000938936,,0.000938936
1996/4/1,119168,,,0.00060904,,0.00060904
1996/5/1,119496,,,0.001193717,,0.001193717
1996/6/1,119778,,,0.001023689,,0.001023689
1996/7/1,120020,,,0.000876565,,0.000876565
1996/8/1,120207,,,0.000676136,,0.000676136
1996/9/1,120418,,,0.000761651,,0.000761651
1996/10/1,120674,,,0.000922299,,0.000922299
1996/11/1,120969,,,0.001060382,,0.001060382
1996/12/1,121152,,,0.000656497,,0.000656497
1997/1/1,121372,,,0.00078792,,0.00078792
1997/2/1,121682,,,0.001107831,,0.001107831
1997/3/1,121999,,,0.001129932,,0.001129932
1997/4/1,122296,,,0.001055982,,0.001055982
1997/5/1,122557,,,0.000925869,,0.000925869
1997/6/1,122825,,,0.000948651,,0.000948651
1997/7/1,123119,,,0.001038307,,0.001038307
1997/8/1,123099,,,-7.05545E-05,,-7.05545E-05
1997/9/1,123594,,,0.001742863,,0.001742863
1997/10/1,123940,,,0.001214104,,0.001214104
1997/11/1,124246,,,0.001070924,,0.001070924
1997/12/1,124559,,,0.001092697,,0.001092697
1998/1/1,124823,,,0.000919503,,0.000919503
1998/2/1,125024,,,0.000698773,,0.000698773
1998/3/1,125174,,,0.000520741,,0.000520741
1998/4/1,125453,,,0.000966921,,0.000966921
1998/5/1,125855,,,0.001389423,,0.001389423
1998/6/1,126087,,,0.000799838,,0.000799838
1998/7/1,126213,,,0.000433778,,0.000433778
1998/8/1,126551,,,0.001161492,,0.001161492
1998/9/1,126764,,,0.000730353,,0.000730353
1998/10/1,126968,,,0.000698344,,0.000698344
1998/11/1,127243,,,0.000939621,,0.000939621
1998/12/1,127607,,,0.001240599,,0.001240599
1999/1/1,127713,,,0.000360608,,0.000360608
1999/2/1,128131,,,0.001419109,,0.001419109
1999/3/1,128239,,,0.000365907,,0.000365907
1999/4/1,128610,,,0.001254615,,0.001254615
1999/5/1,128822,,,0.000715299,,0.000715299
1999/6/1,129099,,,0.000932841,,0.000932841
1999/7/1,129420,,,0.001078517,,0.001078517
1999/8/1,129576,,,0.000523174,,0.000523174
1999/9/1,129781,,,0.000686547,,0.000686547
1999/10/1,130190,,,0.001366511,,0.001366511
1999/11/1,130479,,,0.000962993,,0.000962993
1999/12/1,130786,,,0.001020638,,0.001020638
2000/1/1,131020,,,0.000776338,,0.000776338
2000/2/1,131136,,,0.000384337,,0.000384337
2000/3/1,131609,,,0.001563657,,0.001563657
2000/4/1,131900,,,0.000959206,,0.000959206
2000/5/1,132118,,,0.000717195,,0.000717195
2000/6/1,132079,,,-0.000128219,,-0.000128219
2000/7/1,132247,,,0.000552057,,0.000552057
2000/8/1,132240,,,-2.29884E-05,,-2.29884E-05
2000/9/1,132364,,,0.000407042,,0.000407042
2000/10/1,132365,,,3.28105E-06,,3.28105E-06
2000/11/1,132570,,,0.000672092,,0.000672092
2000/12/1,132722,,,0.000497661,,0.000497661
2001/1/1,132712,,,-3.27233E-05,,-3.27233E-05
2001/2/1,132804,,,0.000300962,,0.000300962
2001/3/1,132761,,,-0.000140641,,-0.000140641
2001/4/1,132475,,,-0.000936587,,-0.000936587
2001/5/1,132426,,,-0.000160667,,-0.000160667
2001/6/1,132312,,,-0.000374027,,-0.000374027
2001/7/1,132187,,,-0.000410488,,-0.000410488
2001/8/1,132043,,,-0.000473363,,-0.000473363
2001/9/1,131791,,,-0.00082963,,-0.00082963
2001/10/1,131468,,,-0.001065697,,-0.001065697
2001/11/1,131158,,,-0.001025271,,-0.001025271
2001/12/1,130997,,,-0.000533436,,-0.000533436
2002/1/1,130868,,,-0.000427885,,-0.000427885
2002/2/1,130752,,,-0.000385125,,-0.000385125
2002/3/1,130732,,,-6.64353E-05,,-6.64353E-05
2002/4/1,130636,,,-0.000319031,,-0.000319031
2002/5/1,130647,,,3.65675E-05,,3.65675E-05
2002/6/1,130695,,,0.000159531,,0.000159531
2002/7/1,130604,,,-0.000302495,,-0.000302495
2002/8/1,130603,,,-3.32529E-06,,-3.32529E-06
2002/9/1,130524,,,-0.000262778,,-0.000262778
2002/10/1,130643,,,0.00039577,,0.00039577
2002/11/1,130632,,,-3.65687E-05,,-3.65687E-05
2002/12/1,130488,,,-0.000479001,,-0.000479001
2003/1/1,130596,,,0.000359301,,0.000359301
2003/2/1,130461,,,-0.000449172,,-0.000449172
2003/3/1,130246,,,-0.000716309,,-0.000716309
2003/4/1,130194,,,-0.000173424,,-0.000173424
2003/5/1,130210,,,5.33687E-05,,5.33687E-05
2003/6/1,130209,,,-3.33535E-06,,-3.33535E-06
2003/7/1,130207,,,-6.67078E-06,,-6.67078E-06
2003/8/1,130167,,,-0.000133437,,-0.000133437
2003/9/1,130279,,,0.000373521,,0.000373521
2003/10/1,130473,,,0.000646232,,0.000646232
2003/11/1,130490,,,5.65828E-05,,5.65828E-05
2003/12/1,130605,,,0.000382572,,0.000382572
2004/1/1,130787,,,0.000604775,,0.000604775
2004/2/1,130844,,,0.000189234,,0.000189234
2004/3/1,131156,,,0.001034351,,0.001034351
2004/4/1,131426,,,0.000893127,,0.000893127
2004/5/1,131710,,,0.00093746,,0.00093746
2004/6/1,131807,,,0.000319726,,0.000319726
2004/7/1,131864,,,0.00018777,,0.00018777
2004/8/1,131955,,,0.000299605,,0.000299605
2004/9/1,132112,,,0.000516416,,0.000516416
2004/10/1,132466,,,0.001162155,,0.001162155
2004/11/1,132521,,,0.000180282,,0.000180282
2004/12/1,132644,,,0.000402906,,0.000402906
2005/1/1,132791,,,0.000481031,,0.000481031
2005/2/1,133050,,,0.000846237,,0.000846237
2005/3/1,133172,,,0.000398043,,0.000398043
2005/4/1,133536,,,0.001185441,,0.001185441
2005/5/1,133706,,,0.000552533,,0.000552533
2005/6/1,133957,,,0.000814516,,0.000814516
2005/7/1,134314,,,0.00115587,,0.00115587
2005/8/1,134517,,,0.00065589,,0.00065589
2005/9/1,134583,,,0.000213032,,0.000213032
2005/10/1,134673,,,0.00029033,,0.00029033
2005/11/1,135012,,,0.001091836,,0.001091836
2005/12/1,135168,,,0.000501517,,0.000501517
2006/1/1,135446,,,0.000892296,,0.000892296
2006/2/1,135753,,,0.000983252,,0.000983252
2006/3/1,136063,,,0.000990606,,0.000990606
2006/4/1,136221,,,0.000504022,,0.000504022
2006/5/1,136261,,,0.000127508,,0.000127508
2006/6/1,136342,,,0.000258089,,0.000258089
2006/7/1,136538,,,0.000623877,,0.000623877
2006/8/1,136713,,,0.000556276,,0.000556276
2006/9/1,136860,,,0.000466722,,0.000466722
2006/10/1,136870,,,3.17316E-05,,3.17316E-05
2006/11/1,137082,,,0.000672165,,0.000672165
2006/12/1,137268,,,0.000588874,,0.000588874
2007/1/1,137493,,,0.000711282,,0.000711282
2007/2/1,137573,,,0.00025262,,0.00025262
2007/3/1,137810,,,0.000747525,,0.000747525
2007/4/1,137860,,,0.000157541,,0.000157541
2007/5/1,138012,,,0.000478575,,0.000478575
2007/6/1,138088,,,0.00023909,,0.00023909
2007/7/1,138055,,,-0.000103799,,-0.000103799
2007/8/1,138032,,,-7.23596E-05,,-7.23596E-05
2007/9/1,138114,,,0.000257923,,0.000257923
2007/10/1,138190,,,0.000238914,,0.000238914
2007/11/1,138299,,,0.000342423,,0.000342423
2007/12/1,138409,,,0.000345291,,0.000345291
2008/1/1,138422,,,4.0789E-05,,4.0789E-05
2008/2/1,138340,,,-0.000257349,,-0.000257349
2008/3/1,138292,,,-0.000150714,,-0.000150714
2008/4/1,138056,,,-0.000741771,,-0.000741771
2008/5/1,137872,,,-0.00057921,,-0.00057921
2008/6/1,137706,,,-0.000523212,,-0.000523212
2008/7/1,137508,,,-0.000624898,,-0.000624898
2008/8/1,137229,,,-0.000882067,,-0.000882067
2008/9/1,136769,,,-0.001458227,,-0.001458227
2008/10/1,136288,,,-0.001530053,,-0.001530053
2008/11/1,135561,,,-0.002322855,,-0.002322855
2008/12/1,134857,,,-0.00226127,,-0.00226127
2009/1/1,134074,,,-0.002528928,,-0.002528928
2009/2/1,133332,,,-0.002410173,,-0.002410173
2009/3/1,132529,,,-0.002623473,,-0.002623473
2009/4/1,131835,,,-0.002280197,,-0.002280197
2009/5/1,131491,,,-0.001134695,,-0.001134695
2009/6/1,131026,,,-0.001538545,,-0.001538545
2009/7/1,130685,,,-0.001131741,,-0.001131741
2009/8/1,130501,,,-0.000611903,,-0.000611903
2009/9/1,130259,,,-0.0008061,,-0.0008061
2009/10/1,130061,,,-0.000660651,,-0.000660651
2009/11/1,130073,,,4.00681E-05,,4.00681E-05
2009/12/1,129804,,,-0.000899081,,-0.000899081
2010/1/1,129807,,,1.00372E-05,,1.00372E-05
2010/2/1,129715,,,-0.000307913,,-0.000307913
2010/3/1,129895,,,0.000602234,,0.000602234
2010/4/1,130132,,,0.00079167,,0.00079167
2010/5/1,130666,,,0.001778492,,0.001778492
2010/6/1,130530,,,-0.000452258,,-0.000452258
2010/7/1,130442,,,-0.000292889,,-0.000292889
2010/8/1,130437,,,-1.66474E-05,,-1.66474E-05
2010/9/1,130373,,,-0.000213142,,-0.000213142
2010/10/1,130642,,,0.000895161,,0.000895161
2010/11/1,130765,,,0.000408698,,0.000408698
2010/12/1,130839,,,0.000245698,,0.000245698
2011/1/1,130859,,,6.6381E-05,,6.6381E-05
2011/2/1,131072,,,0.000706329,,0.000706329
2011/3/1,131304,,,0.00076803,,0.00076803
2011/4/1,131625,,,0.001060428,,0.001060428
2011/5/1,131720,,,0.000313338,,0.000313338
2011/6/1,131955,,,0.000774129,,0.000774129
2011/7/1,132016,,,0.000200719,,0.000200719
2011/8/1,132138,,,0.000401159,,0.000401159
2011/9/1,132374,,,0.000774963,,0.000774963
2011/10/1,132578,,,0.000668771,,0.000668771
2011/11/1,132710,,,0.000432186,,0.000432186
2011/12/1,132914,,,0.000667079,,0.000667079
2012/1/1,133269,,,0.001158411,,0.001158411
2012/2/1,133531,,,0.000852962,,0.000852962
2012/3/1,133769,,,0.000773379,,0.000773379
2012/4/1,133852,,,0.000269384,,0.000269384
2012/5/1,133951,,,0.000321095,,0.000321095
2012/6/1,134023,,,0.000233375,,0.000233375
2012/7/1,134176,,,0.000495506,,0.000495506
2012/8/1,134346,,,0.0005499,,0.0005499
2012/9/1,134535,,,0.000610543,,0.000610543
2012/10/1,134693,,,0.000509743,,0.000509743
2012/11/1,134851,,,0.000509145,,0.000509145
2012/12/1,135088,,,0.000762601,,0.000762601
2013/1/1,135283,,,0.000626454,,0.000626454
2013/2/1,135562,,,0.000894742,,0.000894742
2013/3/1,135698,,,0.000435479,,0.000435479
2013/4/1,135890,,,0.000614052,,0.000614052
2013/5/1,136114,,,0.000715298,,0.000715298
2013/6/1,136295,,,0.000577127,,0.000577127
2013/7/1,136400,,,0.000334446,,0.000334446
2013/8/1,136642,,,0.00076984,,0.00076984
2013/9/1,136831,,,0.000600291,,0.000600291
2013/10/1,137056,,,0.000713552,,0.000713552
2013/11/1,137323,,,0.00084523,,0.00084523
2013/12/1,137390,,,0.000211841,,0.000211841
2014/1/1,137567,,,0.000559143,,0.000559143
2014/2/1,137735,,,0.000530047,,0.000530047
2014/3/1,137985,,,0.000787565,,0.000787565
2014/4/1,138312,,,0.001027983,,0.001027983
2014/5/1,138533,,,0.000693378,,0.000693378
2014/6/1,138857,,,0.001014539,,0.001014539
2014/7/1,139084,,,0.000709394,,0.000709394
2014/8/1,139272,,,0.00058664,,0.00058664
2014/9/1,139583,,,0.000968716,,0.000968716
2014/10/1,139841,,,0.000801993,,0.000801993
2014/11/1,140127,,,0.000887303,,0.000887303
2014/12/1,140396,,,0.00083291,,0.00083291
2015/1/1,140609,,,0.000658385,,0.000658385
2015/2/1,140857,,,0.000765315,,0.000765315
2015/3/1,140934,,,0.000237344,,0.000237344
2015/4/1,141234,,,0.000923481,,0.000923481
2015/5/1,141553,,,0.000979819,,0.000979819
2015/6/1,141723,,,0.000521259,,0.000521259
2015/7/1,142016,,,0.000896939,,0.000896939
2015/8/1,142138,,,0.000372924,,0.000372924
2015/9/1,142271,,,0.000406184,,0.000406184
2015/10/1,142610,,,0.001033596,,0.001033596
2015/11/1,142845,,,0.000715064,,0.000715064
2015/12/1,143125,,,0.000850456,,0.000850456
2016/1/1,143215,,,0.000273008,,0.000273008
2016/2/1,143447,,,0.000702963,,0.000702963
2016/3/1,143681,,,0.000707872,,0.000707872
2016/4/1,143892,,,0.000637307,,0.000637307
2016/5/1,143907,,,4.52706E-05,,4.52706E-05
2016/6/1,144189,,,0.00085021,,0.00085021
2016/7/1,144525,,,0.001010848,,0.001010848
2016/8/1,144660,,,0.000405483,,0.000405483
2016/9/1,144930,,,0.000809831,,0.000809831
2016/10/1,145058,,,0.000383393,,0.000383393
2016/11/1,145228,,,0.000508671,,0.000508671
2016/12/1,145443,,,0.000642467,,0.000642467
2017/1/1,145695,,,0.000751824,,0.000751824
2017/2/1,145836,,,0.000420096,,0.000420096
2017/3/1,145963,,,0.000378037,,0.000378037
2017/4/1,146176,,,0.000633293,,0.000633293
2017/5/1,146304,,,0.000380126,,0.000380126
2017/6/1,146533,,,0.000679241,,0.000679241
2017/7/1,146737,,,0.000604195,,0.000604195
2017/8/1,146924,,,0.000553108,,0.000553108
2017/9/1,146942,,,5.32032E-05,,5.32032E-05
2017/10/1,147202,,,0.000767764,,0.000767764
2017/11/1,147422,,,0.000648588,,0.000648588
2017/12/1,147596,,,0.000512289,,0.000512289
2018/1/1,147767,,,0.000502868,,0.000502868
2018/2/1,148097,,,0.000968805,,0.000968805
2018/3/1,148279,,,0.000533387,,0.000533387
2018/4/1,148475,,,0.000573685,,0.000573685
2018/5/1,148745,,,0.000789042,,0.000789042
2018/6/1,149007,,,0.000764295,,0.000764295
2018/7/1,149185,,,0.000518488,,0.000518488
2018/8/1,149467,,,0.000820159,,0.000820159
2018/9/1,149575,,,0.000313694,,0.000313694
2018/10/1,149852,,,0.000803532,,0.000803532
2018/11/1,150048,,,0.000567667,,0.000567667
2018/12/1,150275,,,0.000656526,,0.000656526
2019/1/1,150587,,,0.000900745,,0.000900745
2019/2/1,150643,,,0.000161475,,0.000161475
2019/3/1,150796,,,0.000440866,,0.000440866
2019/4/1,151012,,,0.000621638,,0.000621638
2019/5/1,151074,,,0.000178269,,0.000178269
2019/6/1,151252,,,0.000511398,,0.000511398
2019/7/1,151418,,,0.000476379,,0.000476379
2019/8/1,151586,,,0.000481588,,0.000481588
2019/9/1,151722,,,0.000389466,,0.000389466
2019/10/1,151553,,,-0.000484021,,-0.000484021
2019/11/1,151814,,,0.000747286,,0.000747286
2019/12/1,151961,,,0.00042032,,0.00042032
2020/1/1,152186,,,0.00064256,,0.00064256
